{
  "resources": [
    "output.ogg",
    "output.m4a",
    "output.mp3",
    "output.ac3"
  ],
  "spritemap": {
    "BALA": {
      "start": 0,
      "end": 1.2016326530612245,
      "loop": false
    },
    "BEIJO": {
      "start": 3,
      "end": 4.123265306122449,
      "loop": false
    },
    "BOI": {
      "start": 6,
      "end": 6.86204081632653,
      "loop": false
    },
    "BOLO": {
      "start": 8,
      "end": 8.914285714285715,
      "loop": false
    },
    "BULE": {
      "start": 10,
      "end": 11.071020408163266,
      "loop": false
    },
    "CAMA": {
      "start": 13,
      "end": 14.044897959183674,
      "loop": false
    },
    "CILIOS": {
      "start": 16,
      "end": 17.358367346938774,
      "loop": false
    },
    "FITA": {
      "start": 19,
      "end": 19.888163265306122,
      "loop": false
    },
    "HEROI": {
      "start": 21,
      "end": 21.99265306122449,
      "loop": false
    },
    "ISCA": {
      "start": 23,
      "end": 24.018775510204083,
      "loop": false
    },
    "LIXO": {
      "start": 26,
      "end": 27.097142857142856,
      "loop": false
    },
    "LOBO": {
      "start": 29,
      "end": 29.914285714285715,
      "loop": false
    },
    "LUVA": {
      "start": 31,
      "end": 32.28,
      "loop": false
    },
    "MALA": {
      "start": 34,
      "end": 35.671836734693876,
      "loop": false
    },
    "OVO": {
      "start": 37,
      "end": 37.83591836734694,
      "loop": false
    },
    "PAO": {
      "start": 39,
      "end": 39.80979591836735,
      "loop": false
    },
    "SABAO": {
      "start": 41,
      "end": 42.04489795918367,
      "loop": false
    },
    "UVA": {
      "start": 44,
      "end": 44.83591836734694,
      "loop": false
    }
  }
}