{
  "resources": [
    "output.ogg",
    "output.m4a",
    "output.mp3",
    "output.ac3"
  ],
  "spritemap": {
    "UV1AV2UD2OA4_DICA": {
      "start": 0,
      "end": 3.1346938775510202,
      "loop": false
    },
    "UV1AV2UD2OA4_FINAL": {
      "start": 5,
      "end": 10.590204081632653,
      "loop": false
    },
    "UV1AV2UD2OA4_INTRO": {
      "start": 12,
      "end": 43.97387755102041,
      "loop": false
    },
    "GENTE": {
      "start": 45,
      "end": 45.83591836734694,
      "loop": false
    },
    "GOSTO": {
      "start": 47,
      "end": 47.757551020408165,
      "loop": false
    },
    "GOTA": {
      "start": 49,
      "end": 49.6530612244898,
      "loop": false
    },
    "GUACHE": {
      "start": 51,
      "end": 51.80979591836735,
      "loop": false
    },
    "GUARDA": {
      "start": 53,
      "end": 53.78367346938776,
      "loop": false
    },
    "QUADRINHO": {
      "start": 55,
      "end": 55.9404081632653,
      "loop": false
    },
    "GUIA": {
      "start": 57,
      "end": 57.80979591836735,
      "loop": false
    },
    "GUINCHO": {
      "start": 59,
      "end": 59.91428571428571,
      "loop": false
    },
    "GUITARRA": {
      "start": 61,
      "end": 61.88816326530612,
      "loop": false
    },
    "GULA": {
      "start": 63,
      "end": 63.757551020408165,
      "loop": false
    },
    "GULOSEIMA": {
      "start": 65,
      "end": 66.17551020408163,
      "loop": false
    },
    "GURI": {
      "start": 68,
      "end": 68.54857142857144,
      "loop": false
    },
    "GUARANÁ": {
      "start": 70,
      "end": 70.9404081632653,
      "loop": false
    },
    "QUADRO": {
      "start": 72,
      "end": 72.73142857142857,
      "loop": false
    },
    "QUANDO": {
      "start": 74,
      "end": 74.78367346938775,
      "loop": false
    },
    "QUEIJO": {
      "start": 76,
      "end": 76.80979591836734,
      "loop": false
    },
    "QUINDIN": {
      "start": 78,
      "end": 78.80979591836734,
      "loop": false
    },
    "QUINZE": {
      "start": 80,
      "end": 80.70530612244897,
      "loop": false
    },
    "UV1AV2UD2OA4_RESUMO": {
      "start": 82,
      "end": 101.2,
      "loop": false
    }
  }
}