{
  "resources": [
    "output.mp3"
  ],
  "spritemap": {
    "AVIÃO": {
      "start": 0,
      "end": 1.1493877551020408,
      "loop": false
    },
    "BAÚ": {
      "start": 3,
      "end": 3.8620408163265307,
      "loop": false
    },
    "BOLA": {
      "start": 5,
      "end": 5.966530612244898,
      "loop": false
    },
    "CANETA": {
      "start": 7,
      "end": 7.966530612244898,
      "loop": false
    },
    "CASA": {
      "start": 9,
      "end": 9.86204081632653,
      "loop": false
    },
    "COMPUTADOR": {
      "start": 11,
      "end": 12.253877551020409,
      "loop": false
    },
    "FLOR": {
      "start": 14,
      "end": 14.809795918367348,
      "loop": false
    },
    "FORMIGA": {
      "start": 16,
      "end": 17.28,
      "loop": false
    },
    "LÁPIS": {
      "start": 19,
      "end": 20.175510204081633,
      "loop": false
    },
    "MOCHILA": {
      "start": 22,
      "end": 23.201632653061225,
      "loop": false
    },
    "MOSQUITO": {
      "start": 25,
      "end": 26.14938775510204,
      "loop": false
    },
    "SOL": {
      "start": 28,
      "end": 28.809795918367346,
      "loop": false
    }
  }
}